INSERT INTO CUSTOMERS (customer_id, customer_firstname, customer_lastname)
VALUES (1, 'Emily', 'Perez'),
       (2, 'Rachel', 'Martinez'),
       (3, 'Leah', 'Flores'),
       (4, 'Natalie', 'Diaz'),
       (5, 'Victoria', 'Rodriguez'),
       (6, 'Isabella', 'Garcia'),
       (7, 'Madison', 'Rivera'),
       (8, 'Gabriella', 'Cruz'),
       (9, 'Ashley', 'Reyes'),
       (10, 'Samantha', 'Ortiz'),
       (11, 'Elizabeth', 'Gonzalez'),
       (12, 'Christina', 'Torres'),
       (13, 'Megan', 'Ramirez'),
       (14, 'Lauren', 'Mendoza'),
       (15, 'Olivia', 'Lopez'),
       (16, 'Alexis', 'Castro'),
       (17, 'Sarah', 'Alvarez'),
       (18, 'Jessica', 'Herrera'),
       (19, 'Katherine', 'Sandoval'),
       (20, 'Brittany', 'Morales'),
       (21, 'Heather', 'Gonzales'),
       (22, 'Tiffany', 'Jimenez'),
       (23, 'Mary', 'Sanchez'),
       (24, 'Angela', 'Ortiz'),
       (25, 'Nicole', 'Castro'),
       (26, 'Allison', 'Flores'),
       (27, 'Laura', 'Vargas'),
       (28, 'Matthew', 'Perez'),
       (29, 'Anthony', 'Martinez'),
       (30, 'Jacob', 'Flores'),
       (31, 'Nicholas', 'Diaz'),
       (32, 'Christopher', 'Rodriguez'),
       (33, 'Benjamin', 'Garcia'),
       (34, 'Andrew', 'Rivera'),
       (35, 'Charles', 'Cruz'),
       (36, 'Jason', 'Reyes'),
       (37, 'Christopher', 'Ortiz'),
       (38, 'Joshua', 'Gonzalez'),
       (39, 'Mark', 'Torres'),
       (40, 'Kevin', 'Ramirez'),
       (41, 'Tyler', 'Mendoza'),
       (42, 'Justin', 'Lopez'),
       (43, 'Brandon', 'Castro'),
       (44, 'Sean', 'Alvarez'),
       (45, 'David', 'Herrera'),
       (46, 'Steven', 'Sandoval'),
       (47, 'Kyle', 'Morales'),
       (48, 'Michael', 'Gonzales'),
       (49, 'Rachel', 'Jimenez'),
       (50, 'John', 'Sanchez'),
       (51, 'Aisha', 'Nwachukwu'),
       (52, 'Abdi', 'Mohammed'),
       (53, 'Amira', 'Kamara'),
       (54, 'Binta', 'Sesay'),
       (55, 'Chioma', 'Nwosu'),
       (56, 'Chukwuemeka', 'Okonkwo'),
       (57, 'Fatima', 'Sow'),
       (58, 'Funke', 'Olumide'),
       (59, 'Habib', 'Abdulrahman'),
       (60, 'Hakeem', 'Bakare'),
       (61, 'Halima', 'Ibrahim'),
       (62, 'Ife', 'Oluwadare'),
       (63, 'Imran', 'Diallo'),
       (64, 'Ishmael', 'Abubakar'),
       (65, 'Jamal', 'Ndiaye'),
       (66, 'Jawara', 'Jallow'),
      (67, 'Jide', 'Adebayo'),
      (68, 'Kadi', 'Fofana');
      
	INSERT INTO ADDRESSES (address_id, delivery_address1, delivery_address2, delivery_city, delivery_zipcode)
VALUES
(1, '607 Trails End Road', NULL, 'Manchester', '6042'),
(2, '25 Cliffside Drive', NULL, 'Manchester', '6042'),
(3, '56 Concord Road', NULL, 'Manchester', '6042'),
(4, '82 Lookout Mountain Drive', NULL, 'Manchester', '6040'),
(5, '21 Carver Lane', NULL, 'Manchester', '6040'),
(6, '61 Plymouth Lane', NULL, 'Manchester', '6040'),
(7, '265 Slater Street', NULL, 'Manchester', '6042'),
(8, '159 Adams Street', NULL, 'Manchester', '6040'),
(9, '66 Pine Street', NULL, 'Manchester', '6040'),
(10, '18 Cambridge Street', NULL, 'Manchester', '6042'),
(11, '310 Timrod Road', NULL, 'Manchester', '6040'),
(12, '44 Downey Drive', NULL, 'Manchester', '6040'),
(13, '31 Buckland Hills Drive', NULL, 'Manchester', '6042'),
(14, '194 Buckland Hills Drive', NULL, 'Manchester', '6042'),
(15, '29 Lucian Street', NULL, 'Manchester', '6040'),
(16, '138 Bolton Street', NULL, 'Manchester', '6040'),
(17, '60 Desousa Drive', NULL, 'Manchester', '6040'),
(18, '4 Orchard Street', NULL, 'Manchester', '6040'),
(19, '117 Adelaide Road', NULL, 'Manchester', '6040'),
(20, '236 Middle Turnpike East', NULL, 'Manchester', '6040'),
(21, '736 Middle Turnpike East', NULL, 'Manchester', '6040'),
(22, '95 Briarwood Drive', NULL, 'Manchester', '6040'),
(23, '65 Arcellia Drive', NULL, 'Manchester', '6042'),
(24, '25 Edwards Street', NULL, 'Manchester', '6042'),
(25, '115 Waddell Road', NULL, 'Manchester', '6040'),
(26, '425 Middle Turnpike East', NULL, 'Manchester', '6040'),
(27, '13 Riverview Avenue', NULL, 'Groton', '6340'),
(28, '46 Lilac Street', NULL, 'Manchester', '6040'),
(29, '16 Ambassador Drive', NULL, 'Manchester', '6042'),
(30, '119 Redwood Road', NULL, 'Manchester', '6040'),
(31, '697 Parker Street', NULL, 'Manchester', '6042'),
(32, '207 Spruce Street', NULL, 'Manchester', '6040'),
(33, '34 Holyoke Road', NULL, 'Manchester', '6040'),
(34, '175 Oak Street', NULL, 'Manchester', '6040'),
(35, '126 Marjorie Lane', NULL, 'Manchester', '6042'),
(36, '22 Star Farms Drive', NULL, 'Manchester', '6040'),
(37, '89 High Ledge Circle', NULL, 'Manchester', '6040'),
(38, '126 Garth Road', NULL, 'Manchester', '6040'),
(39, '44 Colonial Road', NULL, 'Manchester', '6042'),
(40, '31 Ashworth Street', NULL, 'Manchester', '6040'),
(41, '145 Saint John Street', NULL, 'Manchester', '6040'),
(42, '211 Oak Street', NULL, 'Manchester', '6040'),
    (43, '125 Summer Street', NULL, 'Manchester', '6040'),
    (44, '86 Highland Street', NULL, 'Manchester', '6040'),
    (45, '61 Hills Street', NULL, 'Manchester', '6040'),
    (46, '219 Bidwell Street', NULL, 'Manchester', '6040'),
    (47, '44 Campfield Road', NULL, 'Manchester', '6040'),
    (48, '184 Woodland Street', NULL, 'Manchester', '6042'),
    (49, '225 Kennedy Road', NULL, 'Manchester', '6042'),
    (50, '173 Center Street', NULL, 'Manchester', '6040'),
    (51, '150 Carter Street', NULL, 'Manchester', '6040'),
    (52, '68 Princeton Street', NULL, 'Manchester', '6042'),
    (53, '38 Bruce Road', NULL, 'Manchester', '6040'),
    (54, '208 Timrod Road', NULL, 'Manchester', '6040'),
    (55, '981 Groton Long Point Road', NULL, 'Groton', '6340'),
    (56, '123 Elizabeth Drive', NULL, 'Manchester', '6042'),
    (57, '35 Lakewood Circle South', NULL, 'Manchester', '6040'),
    (58, '91 Eldridge Street', NULL, 'Manchester', '6040');

INSERT INTO `ITEMS` (`item_id`, `recipe_id`, `item_name`, `item_cat`, `item_size`, `item_price`)
VALUES
    ('it_001', 'BURG-MARG-R', 'Burger Margherita Reg', 'Burger', 'Regular', 12),
    ('it_002', 'BURG-MARG-L', 'Burger Margherita Large', 'Burger', 'Large', 14),
    ('it_003', 'BURG-DIAV-R', 'Burger Diavola (hot) Reg', 'Burger', 'Regular', 16),
    ('it_004', 'BURG-DIAV-L', 'Burger Diavola (hot) Large', 'Burger', 'Large', 19),
    ('it_005', 'BURG-PARM-R', 'Burger Parmigiana Reg', 'Burger', 'Regular', 15),
    ('it_006', 'BURG-PARM-L', 'Burger Parmigiana Large', 'Burger', 'Large', 18),
    ('it_007', 'BURG-QUAT-R', 'Burger Quattro Formaggi Reg', 'Burger', 'Regular', 16),
    ('it_008', 'BURG-QUAT-L', 'Burger Quattro Formaggi Large', 'Burger', 'Large', 19),
    ('it_009', 'BURG-NAPO-R', 'Burger Napolitana Reg', 'Burger', 'Regular', 16),
    ('it_010', 'BURG-NAPO-L', 'Burger Napolitana Large', 'Burger', 'Large', 18),
    ('it_011', 'BURG-PEPP-R', 'Burger Pepperoni Reg', 'Burger', 'Regular', 15),
    ('it_012', 'BURG-PEPP-L', 'Burger Pepperoni Large', 'Burger', 'Large', 17),
    ('it_013', 'BURG-SEAF-R', 'Burger Seafood Reg', 'Burger', 'Regular', 17),
    ('it_014', 'BURG-SEAF-L', 'Burger Seafood Large', 'Burger', 'Large', 20),
    ('it_015', 'BURG-HAWA-R', 'Burger Hawaiian Reg', 'Burger', 'Regular', 15),
    ('it_016', 'BURG-HAWA-L', 'Burger Hawaiian Large', 'Burger', 'Large', 17),
    ('it_017', 'SIDE-GARL-R', 'Garlic Bread', 'Side', 'Regular', 6),
    ('it_018', 'SIDE-CHIC-R', 'Chicken Wings', 'Side', 'Regular', 7),
    ('it_019', 'SIDE-BREA-R', 'Breadsticks', 'Side', 'Regular', 5),
    ('it_020', 'SIDE-CAES-R', 'Caesar Salad', 'Side', 'Regular', 7),
    ('it_021', 'DESS-ICE-CHOC', 'Vanilla Ice cream', 'Dessert', 'Regular', 6),
    ('it_022', 'DESS-ICE-VANI', 'Chocolate Ice cream', 'Dessert', 'Regular', 6),
    ('it_023', 'DESS-ICE-STRA', 'Strawberry Ice cream', 'Dessert', 'Regular', 6),
    ('it_024', 'DESS-ICE-PIST', 'Pistachio Ice cream', 'Dessert', 'Regular', 6),
('it_025', 'DESS-CHOC-BROW', 'Chocolate Brownie', 'Dessert', 'Regular', 5),
('it_026', 'DESS-BANO-PIE', 'Banoffee Pie', 'Dessert', 'Regular', 7),
('it_027', 'DESS-FRUI-SALA', 'Fruit Salad', 'Dessert', 'Regular', 5),
('it_028', 'BEVA-CC-REG33', 'Coca Cola Regular 33cl', 'Drink', '33cl', 3),
('it_029', 'BEVA-CC-REG1500', 'Coca Cola Regular 1.5l', 'Drink', '1.5l', 6),
('it_030', 'BEVA-CC-DIE33', 'Coca Cola Diet 33cl', 'Drink', '33cl', 3),
('it_031', 'BEVA-CC-DIE1500', 'Coca Cola Diet 1.5l', 'Drink', '1.5l', 6),
('it_032', 'BEVA-7U-REG33', 'Sprite Regular 33cl', 'Drink', '33cl', 3),
('it_033', 'BEVA-7U-REG1500', 'Sprite Regular 1.5l', 'Drink', '1.5l', 6),
('it_034', 'BEVA-7U-DIE33', 'Sprite Diet 33cl', 'Drink', '33cl', 3),
('it_035', 'BEVA-7U-DIE1500', 'Sprite Diet 1.5l', 'Drink', '1.5l', 6),
('it_036', 'BEVA-FAN-REG33', 'Fanta Regular 33cl', 'Drink', '33cl', 3),
('it_037', 'BEVA-FAN-REG1500', 'Fanta Regular 1.5l', 'Drink', '1.5l', 6),
('it_038', 'BEVA-FAN-DIE33', 'Fanta Diet 33cl', 'Drink', '33cl', 3),
('it_039', 'BEVA-FAN-DIE1500', 'Fanta Diet 1.5l', 'Drink', '1.5l', 6),
('it_040', 'BEVA-SAN-REG33', 'San Pelligrino 33cl', 'Drink', '33cl', 2),
('it_041', 'BEVA-SAN-REG1500', 'San Pelligrino 1.5l', 'Drink', '1.5l', 4),
('it_042', 'BEVA-PER-REG33', 'Perrier 33cl', 'Drink', '33cl', 2),
('it_043', 'BEVA-PER-REG1500', 'Perrier 1.5l', 'Drink', '1.5l', 4);

INSERT INTO INGREDIENTS 
(ingredient_id, ingredient_name, ingredient_weight, ingredient_measure, ingredient_price)
VALUES
('ING001', 'Pizza dough ball (8 pack)', 2000, 'grams', 4.22),
('ING002', 'Tomato sauce', 4500, 'grams', 3.89),
('ING003', 'Mozzarella cheese', 2500, 'grams', 14.45),
('ING004', 'Dried oregano', 500, 'grams', 5.99),
('ING005', 'Spicy salami', 3500, 'grams', 37.64),
('ING006', 'Chilli pepper', 1000, 'grams', 6.49),
('ING007', 'Eggplant', 1000, 'grams', 1.9),
('ING008', 'Parmesan cheese', 2500, 'grams', 18.75),
('ING009', 'Gorgonzola cheese', 3500, 'grams', 27.64),
('ING010', 'Ricotta cheese', 1500, 'grams', 3.99),
('ING011', 'Anchovies', 1000, 'grams', 10.99),
('ING012', 'Capers', 1000, 'grams', 4.16),
('ING013', 'Pepperoni', 2500, 'grams', 24.18),
('ING014', 'Shrimp', 1000, 'grams', 8.98),
('ING015', 'Tuna', 2000, 'grams', 7.66),
('ING016', 'Calamari', 2500, 'grams', 28.77),
('ING017', 'Ham', 5000, 'grams', 32.45),
('ING018', 'Pineapple', 5000, 'grams', 6.23),
('ING019', 'Garlic and parsley butter', 3000, 'grams', 52.1),
('ING020', 'Chicken wings', 6000, 'grams', 69.83),
('ING021', 'Rotisserie chicken pieces', 5000, 'grams', 34.45),
('ING022', 'Croutons', 1250, 'grams', 5.25),
('ING023', 'Romain lettuce', 7500, 'grams', 13.72),
('ING024', 'Caesar dressing', 3800, 'grams', 17.98),
('ING025', 'Vanilla ice cream', 4500, 'mililitres', 15.45),
('ING026', 'Chocolate ice cream', 4500, 'mililitres', 15.45),
('ING027', 'Strawberry ice cream', 4500, 'mililitres', 15.45),
('ING028', 'Pistachio ice cream', 4500, 'mililitres', 15.45),
('ING029', 'Chocolate brownie', 2500, 'grams', 4.45),
('ING030', 'Banoffee pie', 1200, 'grams', 1.15),
('ING031', 'Fruit salad', 5000, 'grams', 7.12),
('ING032', 'Coca Cola Regular 33cl', 1, 'unit', 0.41),
('ING033', 'Coca Cola Regular 1.5l', 1, 'unit', 0.96),
('ING034', 'Coca Cola Diet 33cl', 1, 'unit', 0.41),
('ING035', 'Coca Cola Diet 1.5l', 1, 'unit', 0.96),
('ING036', 'Sprite Regular 33cl', 1, 'unit', 0.41),
('ING037', 'Sprite Regular 1.5l', 1, 'unit', 0.96),
('ING038', 'Sprite Diet 33cl', 1, 'unit', 0.41),
('ING039', 'Sprite Diet 1.5l', 1, 'unit', 0.96),
('ING040', 'Fanta Regular 33cl', 1, 'unit', 0.41),
('ING041', 'Fanta Regular 1.5l', 1, 'unit', 0.96),
('ING042', 'Fanta Diet 33cl', 1, 'unit', 0.41),
('ING043', 'Fanta Diet 1.5l', 1, 'unit', 0.96),
('ING044', 'San Pelligrino 33cl', 1, 'unit', 0.36),
('ING045', 'San Pelligrino 1.5l', 1, 'unit', 0.86),
('ING046', 'Perrier 33cl', 1, 'unit', 0.36),
('ING047', 'Perrier 1.5l', 1, 'unit', 0.86);

INSERT INTO recipes (row_id, recipe_id, ingredient_id, quantity)
VALUES
  (1, 'BURG-MARG-R', 'ING001', 250),
  (2, 'BURG-MARG-R', 'ING002', 80),
  (3, 'BURG-MARG-R', 'ING003', 170),
  (4, 'BURG-MARG-R', 'ING004', 5),
  (5, 'BURG-MARG-L', 'ING001', 300),
  (6, 'BURG-MARG-L', 'ING002', 100),
  (7, 'BURG-MARG-L', 'ING003', 200),
  (8, 'BURG-MARG-L', 'ING004', 8),
  (9, 'BURG-DIAV-R', 'ING001', 250),
  (10, 'BURG-DIAV-R', 'ING002', 80),
  (11, 'BURG-DIAV-R', 'ING003', 170),
  (12, 'BURG-DIAV-R', 'ING005', 50),
  (13, 'BURG-DIAV-R', 'ING006', 10),
  (14, 'BURG-DIAV-L', 'ING001', 300),
  (15, 'BURG-DIAV-L', 'ING002', 100),
  (16, 'BURG-DIAV-L', 'ING003', 200),
  (17, 'BURG-DIAV-L', 'ING005', 70),
  (18, 'BURG-DIAV-L', 'ING006', 15),
  (19, 'BURG-PARM-R', 'ING001', 250),
  (20, 'BURG-PARM-R', 'ING002', 80),
  (21, 'BURG-PARM-R', 'ING003', 170),
  (22, 'BURG-PARM-R', 'ING007', 120),
  (23, 'BURG-PARM-R', 'ING008', 170),
  (24, 'BURG-PARM-L', 'ING001', 300),
  (25, 'BURG-PARM-L', 'ING002', 100),
  (26, 'BURG-PARM-L', 'ING003', 200),
  (27, 'BURG-PARM-L', 'ING007', 150),
  (28, 'BURG-PARM-L', 'ING008', 200),
  (29, 'BURG-QUAT-R', 'ING001', 250),
  (30, 'BURG-QUAT-R', 'ING002', 80),
  (31, 'BURG-QUAT-R', 'ING003', 170),
  (32, 'BURG-QUAT-R', 'ING008', 150),
  (33, 'BURG-QUAT-R', 'ING009', 150),
  (34, 'BURG-QUAT-R', 'ING010', 150),
  (35, 'BURG-QUAT-L', 'ING001', 300),
  (36, 'BURG-QUAT-L', 'ING002', 100),
  (37, 'BURG-QUAT-L', 'ING003', 200),
  (38, 'BURG-QUAT-L', 'ING008', 180),
  (39, 'BURG-QUAT-L', 'ING009', 180),
  (40, 'BURG-QUAT-L', 'ING010', 180),
(41, 'BURG-NAPO-R', 'ING001', 250),
(42, 'BURG-NAPO-R', 'ING002', 80),
(43, 'BURG-NAPO-R', 'ING003', 170),
(44, 'BURG-NAPO-R', 'ING011', 100),
(45, 'BURG-NAPO-R', 'ING012', 5),
(46, 'BURG-NAPO-L', 'ING001', 300),
(47, 'BURG-NAPO-L', 'ING002', 100),
(48, 'BURG-NAPO-L', 'ING003', 200),
(49, 'BURG-NAPO-L', 'ING011', 50),
(50, 'BURG-NAPO-L', 'ING012', 7),
(51, 'BURG-PEPP-R', 'ING001', 250),
(52, 'BURG-PEPP-R', 'ING002', 80),
(53, 'BURG-PEPP-R', 'ING003', 170),
(54, 'BURG-PEPP-R', 'ING013', 200),
(55, 'BURG-PEPP-L', 'ING001', 300),
(56, 'BURG-PEPP-L', 'ING002', 100),
(57, 'BURG-PEPP-L', 'ING003', 200),
(58, 'BURG-PEPP-L', 'ING013', 240),
(59, 'BURG-HAWA-R', 'ING001', 250),
(60, 'BURG-HAWA-R', 'ING002', 80),
(61, 'BURG-HAWA-R', 'ING003', 170),
(62, 'BURG-HAWA-R', 'ING017', 130),
(63, 'BURG-HAWA-R', 'ING018', 100),
(64, 'BURG-HAWA-L', 'ING001', 300),
(65, 'BURG-HAWA-L', 'ING002', 100),
(66, 'BURG-HAWA-L', 'ING003', 200),
(67, 'BURG-HAWA-L', 'ING017', 150),
(68, 'BURG-HAWA-L', 'ING018', 120),
(69, 'BURG-SEAF-R', 'ING001', 250),
(70, 'BURG-SEAF-R', 'ING002', 80),
(71, 'BURG-SEAF-R', 'ING003', 170),
(72, 'BURG-SEAF-R', 'ING014', 150),
(73, 'BURG-SEAF-R', 'ING015', 150),
(74, 'BURG-SEAF-R', 'ING016', 150),
(75, 'BURG-SEAF-L', 'ING001', 300),
(76, 'BURG-SEAF-L', 'ING002', 100),
(77, 'BURG-SEAF-L', 'ING003', 200),
(78, 'BURG-SEAF-L', 'ING014', 175),
(79, 'BURG-SEAF-L', 'ING015', 175),
(80, 'BURG-SEAF-L', 'ING016', 175),
       (81, 'SIDE-GARL-R', 'ING001', 250),
       (82, 'SIDE-GARL-R', 'ING019', 15),
       (83, 'SIDE-CHIC-R', 'ING020', 120),
       (84, 'SIDE-BREA-R', 'ING001', 250),
       (85, 'SIDE-CAES-R', 'ING021', 120),
       (86, 'SIDE-CAES-R', 'ING022', 50),
       (87, 'SIDE-CAES-R', 'ING023', 100),
       (88, 'SIDE-CAES-R', 'ING024', 20),
       (89, 'DESS-ICE-CHOC', 'ING025', 100),
       (90, 'DESS-ICE-VANI', 'ING026', 100),
       (91, 'DESS-ICE-STRA', 'ING027', 100),
       (92, 'DESS-ICE-PIST', 'ING028', 100),
       (93, 'DESS-CHOC-BROW', 'ING029', 75),
       (94, 'DESS-BANO-PIE', 'ING030', 120),
       (95, 'DESS-FRUI-SALA', 'ING031', 150),
       (96, 'BEVA-CC-REG33', 'ING032', 1),
       (97, 'BEVA-CC-REG1500', 'ING033', 1),
       (98, 'BEVA-CC-DIE33', 'ING034', 1),
       (99, 'BEVA-CC-DIE1500', 'ING035', 1),
       (100, 'BEVA-7U-REG33', 'ING036', 1),
       (101, 'BEVA-7U-REG1500', 'ING037', 1),
       (102, 'BEVA-7U-DIE33', 'ING038', 1),
       (103, 'BEVA-7U-DIE1500', 'ING039', 1),
       (104, 'BEVA-FAN-REG33', 'ING040', 1),
       (105, 'BEVA-FAN-REG1500', 'ING041', 1),
       (106, 'BEVA-FAN-DIE33', 'ING042', 1),
       (107, 'BEVA-FAN-DIE1500', 'ING043', 1),
       (108, 'BEVA-SAN-REG33', 'ING044', 1),
       (109, 'BEVA-SAN-REG1500', 'ING045', 1),
       (110, 'BEVA-PER-REG33', 'ING046', 1),
       (111, 'BEVA-PER-REG1500', 'ING047', 1);
       
	INSERT INTO `INVENTORY` (`inventory_id`, `item_id`, `quantity`) VALUES
(1, 'ING001', 50),
(2, 'ING002', 25),
(3, 'ING003', 40),
(4, 'ING004', 4),
(5, 'ING005', 2),
(6, 'ING006', 4),
(7, 'ING007', 20),
(8, 'ING008', 10),
(9, 'ING009', 10),
(10, 'ING010', 10),
(11, 'ING011', 2),
(12, 'ING012', 2),
(13, 'ING013', 10),
(14, 'ING014', 10),
(15, 'ING015', 3),
(16, 'ING016', 3),
(17, 'ING017', 4),
(18, 'ING018', 4),
(19, 'ING019', 3),
(20, 'ING020', 4),
(21, 'ING021', 5),
(22, 'ING022', 5),
(23, 'ING023', 5),
(24, 'ING024', 5),
(25, 'ING025', 2),
(26, 'ING026', 2),
(27, 'ING027', 2),
(28, 'ING028', 2),
(29, 'ING029', 2),
(30, 'ING030', 2),
(31, 'ING031', 2),
(32, 'ING032', 120),
(33, 'ING033', 120),
(34, 'ING034', 120),
(35, 'ING035', 120),
(36, 'ING036', 120),
(37, 'ING037', 120),
(38, 'ING038', 120),
(39, 'ING039', 120),
(40, 'ING040', 120),
(41, 'ING041', 120),
(42, 'ING042', 120),
(43, 'ING043', 120),
(44, 'ING044', 120),
(45, 'ING045', 120),
(46, 'ING046', 120),
(47, 'ING047', 120);

INSERT INTO `STAFF_ROTA` (`row_id`, `rota_id`, `date`, `shift_id`, `staff_id`) VALUES
(1, 'ro0001', '2022-08-10', 'sh0005', 'st0001'),
(2, 'ro0001', '2022-08-10', 'sh0005', 'st0002'),
(3, 'ro0001', '2022-08-10', 'sh0005', 'st0009'),
(4, 'ro0001', '2022-08-10', 'sh0005', 'st0010'),
(5, 'ro0001', '2022-08-10', 'sh0006', 'st0001'),
(6, 'ro0001', '2022-08-10', 'sh0006', 'st0002'),
(7, 'ro0001', '2022-08-10', 'sh0006', 'st0009'),
(8, 'ro0001', '2022-08-10', 'sh0006', 'st0010'),
(9, 'ro0002', '2022-08-11', 'sh0007', 'st0001'),
(10, 'ro0002', '2022-08-11', 'sh0007', 'st0002'),
(11, 'ro0002', '2022-08-11', 'sh0007', 'st0009'),
(12, 'ro0002', '2022-08-11', 'sh0007', 'st0010'),
(13, 'ro0002', '2022-08-11', 'sh0008', 'st0001'),
(14, 'ro0002', '2022-08-11', 'sh0008', 'st0002'),
(15, 'ro0002', '2022-08-11', 'sh0008', 'st0009'),
(16, 'ro0002', '2022-08-11', 'sh0008', 'st0010'),
(17, 'ro0003', '2022-08-12', 'sh0009', 'st0001'),
(18, 'ro0003', '2022-08-12', 'sh0009', 'st0002'),
(19, 'ro0003', '2022-08-12', 'sh0009', 'st0009'),
(20, 'ro0003', '2022-08-12', 'sh0009', 'st0010'),
(21, 'ro0003', '2022-08-12', 'sh0010', 'st0001'),
(22, 'ro0003', '2022-08-12', 'sh0010', 'st0002'),
(23, 'ro0003', '2022-08-12', 'sh0010', 'st0009'),
(24, 'ro0003', '2022-08-12', 'sh0010', 'st0010'),
(25, 'ro0004', '2022-08-13', 'sh0011', 'st0003'),
(26, 'ro0004', '2022-08-13', 'sh0011', 'st0004'),
(27, 'ro0004', '2022-08-13', 'sh0011', 'st0011'),
(28, 'ro0004', '2022-08-13', 'sh0011', 'st0012'),
    (29, 'ro0004', '2022-08-13', 'sh0012', 'st0003'),
    (30, 'ro0004', '2022-08-13', 'sh0012', 'st0004'),
    (31, 'ro0004', '2022-08-13', 'sh0012', 'st0011'),
    (32, 'ro0004', '2022-08-13', 'sh0012', 'st0012'),
    (33, 'ro0005', '2022-08-14', 'sh0013', 'st0003'),
    (34, 'ro0005', '2022-08-14', 'sh0013', 'st0004'),
    (35, 'ro0005', '2022-08-14', 'sh0013', 'st0011'),
    (36, 'ro0005', '2022-08-14', 'sh0013', 'st0012'),
    (37, 'ro0005', '2022-08-14', 'sh0014', 'st0003'),
    (38, 'ro0005', '2022-08-14', 'sh0014', 'st0004'),
    (39, 'ro0005', '2022-08-14', 'sh0014', 'st0011'),
    (40, 'ro0005', '2022-08-14', 'sh0014', 'st0012');
    
INSERT INTO `STAFF_SHIFTS` (`shift_id`, `week_day`, `start_time`, `end_time`)
VALUES 
    ('sh0001', 'Monday', '10:30:00', '14:30:00'),
    ('sh0002', 'Monday', '18:30:00', '23:00:00'),
    ('sh0003', 'Tuesday', '10:30:00', '14:30:00'),
    ('sh0004', 'Tuesday', '18:30:00', '23:00:00'),
    ('sh0005', 'Wednesday', '10:30:00', '14:30:00'),
    ('sh0006', 'Wednesday', '18:30:00', '23:00:00'),
    ('sh0007', 'Thursday', '10:30:00', '14:30:00'),
    ('sh0008', 'Thursday', '18:30:00', '23:00:00'),
    ('sh0009', 'Friday', '10:30:00', '14:30:00'),
    ('sh0010', 'Friday', '18:30:00', '23:00:00'),
    ('sh0011', 'Saturday', '10:30:00', '14:30:00'),
    ('sh0012', 'Saturday', '18:30:00', '23:00:00'),
    ('sh0013', 'Sunday', '10:30:00', '14:30:00'),
    ('sh0014', 'Sunday', '18:30:00', '23:00:00');
    
INSERT INTO `STAFF` (`staff_id`, `first_name`, `last_name`, `position`, `hourly_rate`)
VALUES 
('st0001', 'Jethro', 'Muwanguzi', 'Chef', 17.25),
('st0002', 'Calvin', 'Magoola', 'Head chef', 21.5),
('st0003', 'Claire', 'Kataike', 'Chef', 17.25),
('st0004', 'Kiiza', 'Williams', 'Head chef', 21.5),
('st0005', 'Alex', 'Jordan', 'Chef', 17.25),
('st0006', 'Max', 'Verstappen', 'Head chef', 21.5),
('st0007', 'Lewis', 'Hamilton', 'Chef', 17.25),
('st0008', 'Pierre', 'Gasly', 'Head chef', 21.5),
('st0009', 'Checo', 'Perrez', 'Delivery rider', 14.5),
('st0010', 'Cristiano', 'Ronaldo', 'Delivery rider', 14.5),
('st0011', 'Bruno', 'English', 'Delivery rider', 14.5),
('st0012', 'David', 'De Gea', 'Delivery rider', 14.5),
('st0013', 'Paul', 'Pogba', 'Delivery rider', 14.5),
('st0014', 'Diago', 'Dalot', 'Delivery rider', 14.5),
('st0015', 'Wan', 'Bissaka', 'Delivery rider', 14.5),
('st0016', 'Kevin', 'De Bruyne', 'Delivery rider', 14.5);

